<?xml version="1.0" encoding="UTF-8"?>
        <!DOCTYPE mapper PUBLIC "-//mybatis.org//DTD Mapper 3.0//EN" "http://mybatis.org/dtd/mybatis-3-mapper.dtd">
<mapper namespace="com.spring.mapper.DepartmentMapper">
<resultMap id="BaseResultMap" type="com.spring.pojo.Department">
  <id column="dept_id" jdbcType="INTEGER" property="deptId" />
  <result column="dept_name" jdbcType="VARCHAR" property="deptName" />
</resultMap>
<sql id="Example_Where_Clause">
  <where>
    <foreach collection="oredCriteria" item="criteria" separator="or">
      <if test="criteria.valid">
        <trim prefix="(" prefixOverrides="and" suffix=")">
          <foreach collection="criteria.criteria" item="criterion">
            <choose>
              <when test="criterion.noValue">
                and ${criterion.condition}
              </when>
              <when test="criterion.singleValue">
                and ${criterion.condition} #{criterion.value}
              </when>
              <when test="criterion.betweenValue">
                and ${criterion.condition} #{criterion.value} and #{criterion.secondValue}
              </when>
              <when test="criterion.listValue">
                and ${criterion.condition}
                <foreach close=")" collection="criterion.value" item="listItem" open="(" separator=",">
                  #{listItem}
                </foreach>
              </when>
            </choose>
          </foreach>
        </trim>
      </if>
    </foreach>
  </where>
</sql>
<sql id="Update_By_Example_Where_Clause">
  <where>
    <foreach collection="example.oredCriteria" item="criteria" separator="or">
      <if test="criteria.valid">
        <trim prefix="(" prefixOverrides="and" suffix=")">
          <foreach collection="criteria.criteria" item="criterion">
            <choose>
              <when test="criterion.noValue">
                and ${criterion.condition}
              </when>
              <when test="criterion.singleValue">
                and ${criterion.condition} #{criterion.value}
              </when>
              <when test="criterion.betweenValue">
                and ${criterion.condition} #{criterion.value} and #{criterion.secondValue}
              </when>
              <when test="criterion.listValue">
                and ${criterion.condition}
                <foreach close=")" collection="criterion.value" item="listItem" open="(" separator=",">
                  #{listItem}
                </foreach>
              </when>
            </choose>
          </foreach>
        </trim>
      </if>
    </foreach>
  </where>
</sql>
<sql id="Base_Column_List">
    dept_id, dept_name
  </sql>
<select id="selectByExample" parameterType="com.spring.pojo.DepartmentExample" resultMap="BaseResultMap">
  select
  <if test="distinct">
    distinct
  </if>
  <include refid="Base_Column_List" />
  from table_dept
  <if test="_parameter != null">
    <include refid="Example_Where_Clause" />
  </if>
  <if test="orderByClause != null">
    order by ${orderByClause}
  </if>
</select>
<select id="selectByPrimaryKey" parameterType="java.lang.Integer" resultMap="BaseResultMap">
  select
  <include refid="Base_Column_List" />
  from table_dept
  where dept_id = #{deptId,jdbcType=INTEGER}
</select>
<delete id="deleteByPrimaryKey" parameterType="java.lang.Integer">
    delete from table_dept
    where dept_id = #{deptId,jdbcType=INTEGER}
  </delete>
<delete id="deleteByExample" parameterType="com.spring.pojo.DepartmentExample">
  delete from table_dept
  <if test="_parameter != null">
    <include refid="Example_Where_Clause" />
  </if>
</delete>
<insert id="insert" parameterType="com.spring.pojo.Department">
    insert into table_dept (dept_id, dept_name)
    values (#{deptId,jdbcType=INTEGER}, #{deptName,jdbcType=VARCHAR})
  </insert>
<insert id="insertSelective" parameterType="com.spring.pojo.Department">
  insert into table_dept
  <trim prefix="(" suffix=")" suffixOverrides=",">
    <if test="deptId != null">
      dept_id,
    </if>
    <if test="deptName != null">
      dept_name,
    </if>
  </trim>
  <trim prefix="values (" suffix=")" suffixOverrides=",">
    <if test="deptId != null">
      #{deptId,jdbcType=INTEGER},
    </if>
    <if test="deptName != null">
      #{deptName,jdbcType=VARCHAR},
    </if>
  </trim>
</insert>
<select id="countByExample" parameterType="com.spring.pojo.DepartmentExample" resultType="java.lang.Long">
  select count(*) from table_dept
  <if test="_parameter != null">
    <include refid="Example_Where_Clause" />
  </if>
</select>
<update id="updateByExampleSelective" parameterType="map">
  update table_dept
  <set>
    <if test="record.deptId != null">
      dept_id = #{record.deptId,jdbcType=INTEGER},
    </if>
    <if test="record.deptName != null">
      dept_name = #{record.deptName,jdbcType=VARCHAR},
    </if>
  </set>
  <if test="_parameter != null">
    <include refid="Update_By_Example_Where_Clause" />
  </if>
</update>
<update id="updateByExample" parameterType="map">
  update table_dept
  set dept_id = #{record.deptId,jdbcType=INTEGER},
  dept_name = #{record.deptName,jdbcType=VARCHAR}
  <if test="_parameter != null">
    <include refid="Update_By_Example_Where_Clause" />
  </if>
</update>
<update id="updateByPrimaryKeySelective" parameterType="com.spring.pojo.Department">
  update table_dept
  <set>
    <if test="deptName != null">
      dept_name = #{deptName,jdbcType=VARCHAR},
    </if>
  </set>
  where dept_id = #{deptId,jdbcType=INTEGER}
</update>
<update id="updateByPrimaryKey" parameterType="com.spring.pojo.Department">
    update table_dept
    set dept_name = #{deptName,jdbcType=VARCHAR}
    where dept_id = #{deptId,jdbcType=INTEGER}
  </update>
</mapper>